user_id,age,income,city,is_registered_customer
1,40.0,,Paris,1
2,43.6,62270.0,Paris,0
3,36.7,63926.0,Paris,0
4,29.3,28830.0,Lyon,1
5,34.5,37796.0,Lyon,0
6,28.1,44110.0,Paris,1
7,40.7,60508.0,Paris,1
8,56.1,45341.0,Nice,0
9,34.1,45566.0,Nice,0
10,32.6,49503.0,Lyon,1
11,45.9,51561.0,Paris,1
12,44.3,37102.0,Lyon,0
13,41.3,45455.0,Lille,0
14,28.8,27911.0,Lyon,1
15,39.6,21263.0,Nice,1
16,48.3,60577.0,Lyon,0
17,23.9,30300.0,Lyon,0
18,34.5,46210.0,Paris,0
19,18.0,42021.0,Lyon,0
20,24.5,26750.0,Lille,1
21,18.0,12219.0,Lille,1
22,37.2,54110.0,Paris,0
23,24.8,17439.0,Bordeaux,0
24,43.3,37445.0,Lille,0
25,41.9,50377.0,Lyon,0
26,37.8,37812.0,Lyon,1
27,18.0,14941.0,Lille,1
28,33.5,64521.0,,0
29,39.4,48137.0,Lille,0
30,41.4,49625.0,Lille,0
31,21.6,31359.0,,0
32,34.3,41658.0,Nice,1
33,28.3,46409.0,Lyon,0
34,30.3,35124.0,Lyon,1
35,52.7,,Paris,1
36,30.3,23737.0,Bordeaux,0
37,39.6,53305.0,Paris,0
38,50.6,39193.0,Lille,0
39,33.0,34906.0,Lyon,0
40,38.7,45366.0,Bordeaux,1
41,41.3,56361.0,Bordeaux,1
42,,50830.0,Paris,0
43,25.3,27348.0,Bordeaux,1
44,40.9,38667.0,Lille,1
45,56.3,65653.0,Paris,1
46,21.4,15696.0,Lyon,1
47,50.3,66846.0,Paris,0
48,41.4,30811.0,Lyon,1
49,32.3,49295.0,Paris,0
50,64.0,69189.0,Lyon,1
51,49.1,59180.0,,0
52,25.6,17502.0,,0
53,40.9,31441.0,Nice,0
54,,65742.0,,0
55,,41622.0,Paris,1
56,48.2,67219.0,Lyon,1
57,39.2,60601.0,Paris,1
58,48.0,49724.0,Lyon,1
59,57.3,48886.0,Bordeaux,0
60,31.9,57282.0,Paris,0
61,42.4,60967.0,Nice,1
62,34.4,26994.0,Lille,1
63,,54811.0,,0
64,25.8,36265.0,Lille,1
65,33.0,52022.0,Paris,0
66,37.6,58600.0,Nice,1
67,50.8,61669.0,Paris,1
68,53.7,,,0
69,24.1,13842.0,,0
70,30.5,54363.0,Lyon,0
71,47.8,57227.0,Paris,0
72,18.0,12000.0,Lyon,0
73,34.4,49268.0,Paris,0
74,38.8,42545.0,,0
75,55.1,,Lille,0
76,48.3,48251.0,Nice,0
77,36.1,51986.0,Paris,1
78,35.6,45941.0,Lyon,1
79,37.0,53276.0,,0
80,58.3,62731.0,Lyon,0
81,34.9,45255.0,Lille,0
82,36.4,57063.0,Paris,0
83,44.2,44534.0,Nice,0
84,38.6,44298.0,Lyon,1
85,37.6,40858.0,Nice,0
86,26.6,19356.0,Lille,0
87,39.9,53823.0,Nice,0
88,34.7,38229.0,Paris,1
89,54.0,65541.0,Lille,1
90,47.8,,Paris,1
91,39.7,54863.0,Paris,1
92,48.0,57111.0,Paris,1
93,35.9,38862.0,Lyon,1
94,52.6,57855.0,Lille,0
95,39.9,48588.0,Bordeaux,0
96,47.0,65582.0,Paris,1
97,24.5,49429.0,,0
98,44.2,44183.0,Lyon,0
99,19.7,24811.0,Nice,1
100,18.0,12000.0,Lyon,0
101,36.3,48173.0,Lyon,0
102,29.2,31579.0,Lille,1
103,42.0,39260.0,Lille,0
104,66.9,,Paris,0
105,30.0,52224.0,Paris,1
106,32.5,12152.0,Lyon,0
107,42.5,45859.0,Nice,0
108,,37805.0,Lyon,1
109,37.9,63500.0,Paris,1
110,37.5,64902.0,Lyon,0
111,48.4,48733.0,Lyon,0
112,46.2,51871.0,Lyon,0
113,27.6,30341.0,Lyon,1
114,39.0,44157.0,Bordeaux,1
115,40.4,62201.0,Paris,0
116,27.3,43885.0,Lyon,0
117,43.1,35213.0,Lille,1
118,29.7,46845.0,Nice,0
119,51.7,44316.0,Lille,0
120,42.3,49794.0,Lyon,1
121,41.1,54527.0,Nice,1
122,32.9,44319.0,Lyon,0
123,38.6,32153.0,Bordeaux,1
124,18.0,27683.0,Paris,0
125,26.4,38239.0,Paris,0
126,44.4,46939.0,Nice,1
127,18.0,44323.0,,0
128,50.2,41574.0,,0
129,19.0,24200.0,Lille,0
130,49.1,59590.0,Lyon,1
131,,,,1
132,49.3,54497.0,Lille,1
133,41.6,,Paris,0
134,21.6,27990.0,Bordeaux,1
135,55.0,65713.0,Nice,1
136,57.3,,Paris,0
137,,,Paris,0
138,36.7,22602.0,Nice,0
139,38.1,54639.0,Lyon,1
140,28.3,41951.0,Paris,1
141,53.2,55674.0,Lyon,1
142,33.5,40775.0,Paris,1
143,39.4,27582.0,Lyon,1
144,30.5,28063.0,Lille,0
145,32.5,28314.0,Bordeaux,0
146,24.7,32148.0,Nice,0
147,55.1,57850.0,Paris,1
148,38.2,56085.0,,0
149,51.6,59047.0,Lyon,1
150,40.2,39969.0,Bordeaux,0
151,31.7,41315.0,,0
152,36.1,34015.0,Lyon,0
153,,25129.0,Bordeaux,1
154,40.1,40201.0,Lyon,1
155,35.5,51554.0,Paris,1
156,36.4,39804.0,Lyon,1
157,23.5,26770.0,Paris,0
158,30.3,29908.0,Bordeaux,0
159,59.8,67761.0,Paris,0
160,31.9,49339.0,Paris,0
161,,60182.0,Paris,0
162,44.0,50625.0,Lille,0
163,56.9,,Paris,1
164,22.6,12000.0,Bordeaux,0
165,37.5,27767.0,Nice,1
166,32.4,19219.0,Bordeaux,0
167,,,,0
168,,57914.0,Paris,1
169,39.7,45263.0,Lyon,0
170,40.9,37302.0,Bordeaux,0
171,31.0,32821.0,Lille,0
172,45.5,,Paris,0
173,33.5,28335.0,Lille,0
174,38.3,37231.0,Bordeaux,1
175,26.7,21443.0,Bordeaux,0
176,25.4,34271.0,Lille,1
177,56.0,49769.0,Nice,0
178,33.9,26703.0,Nice,1
179,43.5,36011.0,Lyon,0
180,39.6,42924.0,Paris,1
181,,39938.0,Lille,1
182,33.9,,Paris,0
183,47.6,43642.0,Lyon,0
184,36.4,46964.0,Bordeaux,0
185,38.2,45460.0,Lyon,0
186,,,,0
187,54.1,53610.0,,0
188,48.2,62104.0,Paris,1
189,44.6,40384.0,Bordeaux,0
190,33.2,52575.0,Bordeaux,1
191,23.4,12000.0,Lyon,1
192,51.4,,Paris,0
193,51.6,,Paris,1
194,38.3,35083.0,Bordeaux,1
195,46.5,63846.0,,0
196,49.4,,Paris,1
197,,54375.0,Nice,0
198,51.1,59856.0,Lyon,1
199,,,,0
200,58.2,40911.0,,0
201,25.0,54305.0,Paris,0
202,50.3,,Paris,0
203,45.9,59727.0,Lyon,1
204,50.5,,Paris,0
205,62.5,54826.0,Lyon,1
206,57.8,57734.0,Lille,1
207,26.3,19992.0,Lille,0
208,19.7,15415.0,Lille,1
209,49.8,,Paris,0
210,27.8,36565.0,Paris,1
211,39.9,41729.0,Nice,1
212,50.1,48923.0,Paris,1
213,20.3,23874.0,Lyon,1
214,18.0,34810.0,Paris,1
215,43.1,38757.0,,0
216,40.5,50021.0,Paris,0
217,37.1,59078.0,,0
218,40.5,34612.0,Lyon,1
219,29.7,21244.0,,0
220,21.8,16519.0,Bordeaux,0
221,38.0,49789.0,,0
222,28.3,63214.0,Paris,1
223,20.3,39290.0,Paris,0
224,46.1,40644.0,Lille,0
225,39.3,37450.0,Bordeaux,0
226,44.9,,Paris,1
227,28.1,20900.0,Lille,0
228,32.1,61177.0,Paris,1
229,28.0,45749.0,,0
230,29.4,35032.0,Lyon,0
231,42.3,49115.0,,0
232,30.6,39348.0,Bordeaux,1
233,44.3,59288.0,,0
234,44.1,39637.0,Lyon,1
235,64.3,,Lille,1
236,23.3,24923.0,Lyon,0
237,50.7,48790.0,Lyon,1
238,38.9,44824.0,Lyon,1
239,39.8,42871.0,Lyon,0
240,22.6,29713.0,Paris,0
241,34.5,36124.0,Paris,0
242,48.9,56421.0,Paris,1
243,39.0,57071.0,Lyon,1
244,41.0,,Paris,1
245,36.5,45351.0,Nice,0
246,53.9,67573.0,Nice,1
247,39.7,51049.0,,0
248,18.0,18306.0,,0
249,31.7,36245.0,Bordeaux,0
250,18.0,13268.0,Lyon,1
251,18.0,14091.0,,0
252,33.6,39475.0,Lyon,1
253,56.0,54117.0,Lille,1
254,40.6,33028.0,Bordeaux,0
255,25.9,45379.0,Paris,1
256,28.7,28330.0,Bordeaux,0
257,53.6,63792.0,Lille,1
258,41.9,42853.0,,0
259,40.6,38897.0,Lille,0
260,39.4,43549.0,Nice,0
261,40.5,54952.0,Paris,1
262,49.7,44688.0,Lille,0
263,46.6,58982.0,Paris,0
264,42.6,54345.0,Lyon,1
265,27.5,34319.0,Lille,1
266,46.1,,Paris,1
267,,32563.0,Paris,1
268,53.1,50562.0,Lille,0
269,,,,1
270,38.3,40846.0,Lille,1
271,,,,1
272,24.1,20481.0,Lille,1
273,60.7,,Paris,1
274,57.5,60103.0,Lille,1
275,34.4,28903.0,Lyon,1
276,49.3,62311.0,Lille,1
277,,,,1
278,18.0,28834.0,Paris,0
279,,51482.0,Lille,0
280,39.3,37684.0,Lyon,1
281,41.0,52131.0,Lille,1
282,27.1,30140.0,Lyon,0
283,36.8,45574.0,Paris,0
284,37.9,39542.0,Lyon,0
285,54.3,48408.0,Lille,0
286,44.0,47729.0,Bordeaux,1
287,39.9,44476.0,Nice,0
288,,,,1
289,33.3,29290.0,Lille,1
290,35.3,18350.0,Paris,1
291,18.2,20036.0,Lille,1
292,58.8,46734.0,Lyon,0
293,51.6,69798.0,Paris,1
294,51.0,66177.0,Lyon,1
295,48.0,55465.0,Lyon,0
296,41.3,38795.0,Lille,1
297,42.6,41981.0,Lille,0
298,37.0,36802.0,Lille,1
299,37.6,37657.0,Lyon,1
300,40.7,36446.0,Lille,0
301,58.1,65785.0,Paris,0
302,46.7,58393.0,Lille,0
303,39.3,44160.0,Lyon,0
304,33.0,46606.0,Lyon,0
305,32.4,46150.0,Paris,1
306,59.2,64850.0,Lyon,1
307,46.1,60567.0,Paris,1
308,40.8,49966.0,,0
309,35.8,59240.0,Paris,1
310,26.7,29857.0,Lille,0
311,39.2,36136.0,Nice,1
312,50.5,48480.0,Lyon,0
313,35.3,66233.0,Paris,0
314,37.3,35780.0,Lille,0
315,37.3,50680.0,Paris,1
316,41.3,57485.0,Nice,0
317,20.9,46691.0,Paris,0
318,37.2,47005.0,Lyon,0
319,29.7,31105.0,Lyon,1
320,50.6,,Paris,1
321,,,,0
322,46.9,67823.0,Paris,0
323,58.3,57760.0,Lille,1
324,36.2,25471.0,Bordeaux,1
325,32.8,25787.0,Lyon,1
326,42.3,46963.0,Lille,1
327,40.0,59526.0,Paris,1
328,28.1,30940.0,Lyon,0
329,45.5,39955.0,Lyon,0
330,64.2,67225.0,Paris,1
331,36.9,36949.0,Nice,1
332,37.6,25495.0,Lille,1
333,27.5,51590.0,Paris,0
334,43.8,,Paris,0
335,25.0,53461.0,Nice,1
336,26.7,36605.0,Bordeaux,1
337,55.4,51064.0,Lille,1
338,29.1,24255.0,Nice,1
339,53.0,23934.0,Bordeaux,1
340,58.3,53946.0,Lille,0
341,43.1,42507.0,Lille,1
342,46.6,,Paris,1
343,63.4,,Lyon,0
344,37.6,43895.0,Lille,0
345,32.9,36823.0,Bordeaux,1
346,23.8,45748.0,Paris,0
347,40.5,58528.0,Lyon,0
348,57.7,64116.0,Paris,0
349,51.5,48384.0,,0
350,28.7,21203.0,Lyon,0
351,29.7,45268.0,Lille,1
352,33.9,61572.0,Paris,0
353,43.5,51271.0,Lille,0
354,37.5,27713.0,Lille,0
355,42.6,49157.0,Lyon,0
356,43.6,57488.0,Paris,0
357,36.4,42127.0,Lyon,1
358,39.5,38807.0,Lille,1
359,42.5,63180.0,Paris,1
360,39.0,51446.0,Paris,1
361,46.0,58691.0,Lyon,0
362,62.5,,Paris,0
363,47.1,47462.0,Nice,1
364,40.7,42693.0,Nice,0
365,19.8,17835.0,Bordeaux,1
366,44.7,55025.0,Nice,1
367,18.0,16557.0,Lille,0
368,23.1,41754.0,Paris,0
369,50.3,49768.0,Nice,0
370,48.5,36134.0,,0
371,38.2,47355.0,Lille,0
372,19.5,12000.0,Lille,1
373,,,,1
374,31.9,51681.0,Paris,0
375,47.6,33696.0,,0
376,67.1,63598.0,Lyon,1
377,,53973.0,Paris,1
378,30.6,39214.0,Paris,1
379,,31361.0,,0
380,39.3,50961.0,Lyon,0
381,37.9,40744.0,Lyon,0
382,26.2,34671.0,Lyon,0
383,41.4,40525.0,Nice,0
384,,29948.0,Lille,1
385,53.3,47540.0,Lille,0
386,52.8,54561.0,Bordeaux,0
387,53.0,,Paris,0
388,34.3,39706.0,Lyon,1
389,46.2,58086.0,Paris,1
390,38.4,33620.0,Lyon,1
391,35.3,38809.0,Bordeaux,1
392,35.9,55005.0,Paris,0
393,24.4,23075.0,Lille,0
394,22.7,18776.0,Nice,1
395,49.5,59383.0,Lyon,1
396,37.7,61036.0,Lille,1
397,42.6,44878.0,,0
398,52.0,60031.0,Lyon,0
399,19.2,27597.0,Lyon,0
400,30.6,23502.0,Paris,0
401,42.1,59215.0,Paris,0
402,44.7,54341.0,Paris,0
403,35.5,49962.0,Bordeaux,0
404,52.4,66114.0,Paris,1
405,42.5,51502.0,Paris,1
406,25.4,25434.0,Bordeaux,0
407,28.8,46299.0,Paris,1
408,49.7,46661.0,Bordeaux,0
409,45.6,48126.0,Nice,1
410,18.0,12000.0,Lille,1
411,56.2,59173.0,Lyon,1
412,47.2,,Paris,0
413,56.1,,Paris,0
414,35.4,57759.0,Paris,1
415,36.5,54947.0,Paris,0
416,26.5,42154.0,Lyon,0
417,70.4,,,0
418,37.9,57875.0,Lyon,0
419,59.1,,Bordeaux,0
420,32.2,32139.0,Lille,0
421,42.0,60326.0,Paris,0
422,19.9,26512.0,Lyon,1
423,35.4,54119.0,,0
424,51.8,69603.0,Paris,1
425,25.0,19958.0,Bordeaux,0
426,52.9,49967.0,Paris,0
427,44.0,53955.0,,0
428,27.5,25266.0,Paris,0
429,34.0,35612.0,Lille,0
430,34.5,39541.0,,0
431,39.4,40320.0,Paris,1
432,33.6,40794.0,,0
433,,,,1
434,36.3,38163.0,Lille,0
435,27.7,47709.0,Lyon,1
436,24.5,46345.0,Lyon,1
437,39.4,33546.0,,0
438,50.6,60930.0,Lille,0
439,21.6,27568.0,Bordeaux,0
440,,44765.0,Lille,0
441,32.2,56610.0,Paris,1
442,,,,0
443,50.2,60869.0,Paris,0
444,33.8,42360.0,,0
445,58.0,67206.0,Paris,1
446,30.6,45713.0,Paris,1
447,44.6,33534.0,Bordeaux,1
448,37.3,28888.0,Lille,0
449,31.0,39198.0,Nice,0
450,47.1,47461.0,Lille,1
451,38.1,57547.0,Paris,0
452,47.2,35197.0,Lyon,0
453,39.4,37345.0,Lyon,1
454,27.0,38001.0,Paris,1
455,38.8,44093.0,Lyon,0
456,40.6,36323.0,Lille,1
457,51.5,,Paris,0
458,29.1,44576.0,Paris,0
459,39.5,44653.0,Lyon,0
460,19.3,20422.0,Lille,1
461,47.8,55172.0,Lille,0
462,27.0,23755.0,Lille,1
463,18.3,44402.0,Paris,0
464,39.3,59441.0,Paris,1
465,53.3,,Paris,0
466,21.7,38076.0,Paris,1
467,26.9,32583.0,,0
468,31.1,42239.0,Bordeaux,0
469,26.4,35910.0,Lille,0
470,44.6,63983.0,Paris,0
471,30.3,54190.0,Paris,0
472,31.3,35365.0,Nice,1
473,47.0,60272.0,Bordeaux,1
474,30.9,35661.0,Lyon,1
475,45.2,42524.0,Paris,0
476,28.3,45341.0,Lyon,0
477,25.5,27471.0,Lille,0
478,18.0,12000.0,Nice,0
479,62.3,,,0
480,36.2,44245.0,,0
481,42.9,,Paris,0
482,39.6,60079.0,Paris,1
483,41.9,30782.0,Nice,1
484,,46515.0,Lille,0
485,62.9,61311.0,Bordeaux,0
486,27.5,60751.0,Paris,1
487,21.3,16826.0,Lyon,0
488,27.9,12000.0,Lille,1
489,24.0,25593.0,Lille,1
490,49.0,61868.0,Paris,1
491,49.8,51051.0,Lyon,1
492,28.5,12000.0,Lille,1
493,,28141.0,Lille,1
494,35.7,55760.0,Lyon,1
495,56.7,55519.0,Paris,1
496,18.0,30541.0,Bordeaux,1
497,46.3,46182.0,,0
498,27.1,49241.0,Lille,0
499,52.5,61424.0,Lyon,1
500,27.1,41409.0,Paris,1
501,36.6,62548.0,Paris,1
502,21.9,42634.0,Paris,0
503,28.3,38968.0,Paris,0
504,,,Paris,1
505,49.8,50204.0,Lyon,1
506,35.2,35104.0,Paris,0
507,29.6,52884.0,Lyon,0
508,18.0,17854.0,Nice,1
509,35.3,45819.0,Paris,1
510,39.6,58648.0,Paris,0
511,39.0,27963.0,Nice,1
512,38.9,31718.0,Lyon,1
513,26.5,27003.0,Lyon,0
514,39.2,50523.0,Paris,1
515,39.5,45147.0,Lyon,1
516,55.5,,Paris,1
517,62.4,61134.0,Nice,0
518,38.4,45835.0,Nice,1
519,30.8,52214.0,Paris,1
520,39.2,45443.0,Paris,0
521,32.7,37756.0,Nice,0
522,31.1,38616.0,Paris,1
523,39.3,49875.0,Lille,1
524,27.5,34596.0,Nice,0
525,47.3,48449.0,Lille,0
526,38.8,29743.0,Nice,0
527,43.0,49044.0,Lyon,0
528,37.8,33897.0,Nice,1
529,31.3,42654.0,Lyon,0
530,28.6,43526.0,Paris,1
531,37.2,34889.0,Lyon,1
532,33.4,57730.0,Paris,1
533,42.8,50294.0,Lille,0
534,39.9,37560.0,Nice,1
535,23.7,50158.0,Paris,0
536,40.8,54114.0,Paris,1
537,23.9,26118.0,Lyon,1
538,,38714.0,Lyon,1
539,36.5,31726.0,Bordeaux,1
540,18.0,16025.0,Bordeaux,1
541,41.1,41656.0,Bordeaux,1
542,41.8,56573.0,,0
543,38.1,52597.0,Lille,1
544,,48570.0,Paris,1
545,35.5,54994.0,Lyon,0
546,,43910.0,,0
547,36.8,43225.0,Nice,1
548,33.4,57352.0,Paris,1
549,41.1,59728.0,Paris,1
550,25.6,63337.0,Paris,1
551,42.8,60990.0,Paris,0
552,41.7,31922.0,Lille,1
553,,66049.0,Paris,0
554,34.7,46991.0,Paris,1
555,46.6,46861.0,Nice,1
556,20.0,12000.0,Nice,1
557,45.5,55509.0,Lille,1
558,42.9,55266.0,Lyon,1
559,43.4,66591.0,Paris,1
560,44.6,56406.0,Nice,1
561,32.2,48419.0,Lille,0
562,36.9,41486.0,Lyon,0
563,,,Paris,0
564,45.2,54505.0,Paris,1
565,42.5,44316.0,Lyon,0
566,21.8,47311.0,Paris,1
567,46.5,66020.0,Paris,1
568,,46999.0,Lyon,1
569,52.1,60352.0,Lyon,1
570,42.8,57154.0,Paris,0
571,21.3,18932.0,,0
572,51.3,,Paris,0
573,38.2,39559.0,Lyon,0
574,18.0,12000.0,Lille,0
575,44.5,39500.0,Lyon,1
576,22.1,54023.0,Paris,1
577,24.4,12000.0,Lille,1
578,,,,1
579,55.3,65791.0,Lyon,1
580,35.5,42253.0,,0
581,,33271.0,Lille,0
582,61.0,61106.0,Nice,1
583,59.1,63368.0,Nice,1
584,38.8,47002.0,Lille,1
585,37.1,32295.0,Lille,1
586,,30429.0,,0
587,31.7,41723.0,Lille,0
588,45.1,,Paris,0
589,44.7,64031.0,Paris,1
590,41.3,51821.0,Paris,1
591,51.9,60561.0,Lyon,0
592,30.7,47684.0,Paris,1
593,39.3,47839.0,Lille,1
594,48.8,38558.0,Lille,1
595,47.0,49046.0,Lille,1
596,52.9,67468.0,Paris,0
597,44.8,35813.0,Lille,0
598,36.3,41241.0,Nice,1
599,44.3,60614.0,Paris,1
600,28.0,40307.0,Paris,0
601,20.3,39864.0,Paris,1
602,47.0,39231.0,Lyon,1
603,39.3,54817.0,Paris,1
604,43.7,52583.0,Lyon,1
605,19.6,38156.0,Paris,1
606,35.6,46288.0,Lille,0
607,32.8,26990.0,Lyon,1
608,29.6,17029.0,Lille,1
609,18.0,36152.0,Paris,0
610,36.0,41096.0,Lille,1
611,50.8,,Lille,1
612,44.6,51150.0,Lille,1
613,32.8,40934.0,Paris,1
614,39.8,49054.0,Bordeaux,0
615,49.1,46489.0,,0
616,18.0,20627.0,Paris,1
617,38.5,66982.0,Lyon,1
618,46.5,54432.0,Lyon,1
619,48.2,59635.0,Lyon,1
620,60.4,,Paris,1
621,53.6,,Paris,0
622,43.8,51357.0,Lyon,0
623,,55559.0,Lille,1
624,49.4,45154.0,,0
625,33.5,36971.0,Paris,0
626,39.5,57339.0,Lyon,1
627,50.9,,Paris,0
628,63.5,,,0
629,38.1,42135.0,Bordeaux,1
630,39.4,56896.0,Paris,0
631,42.4,41207.0,Lyon,1
632,56.1,,Lyon,0
633,39.6,61530.0,Paris,0
634,57.6,64153.0,Bordeaux,1
635,28.4,33785.0,Bordeaux,1
636,37.8,63231.0,Paris,1
637,37.6,47145.0,Lyon,0
638,,61108.0,Lyon,1
639,52.5,57980.0,,0
640,21.9,27490.0,Lille,1
641,29.0,49685.0,Lille,1
642,44.0,40333.0,Lille,0
643,32.1,31941.0,Lille,0
644,,45727.0,Paris,1
645,52.5,,Paris,0
646,45.9,56520.0,Lyon,1
647,45.9,32342.0,Lille,0
648,34.3,43816.0,Lyon,1
649,52.3,46647.0,Lyon,0
650,37.1,32678.0,Nice,1
651,53.2,,,0
652,29.1,42438.0,Paris,0
653,29.8,53087.0,Paris,1
654,42.5,,Bordeaux,0
655,31.6,54595.0,Paris,1
656,,,,1
657,43.1,40038.0,Lyon,0
658,,24113.0,Lille,0
659,40.9,47327.0,Paris,1
660,,34007.0,Nice,0
661,51.0,57174.0,Paris,1
662,32.4,27463.0,Lille,1
663,34.7,48822.0,Paris,0
664,54.5,48495.0,Nice,1
665,66.9,,Paris,1
666,64.0,52747.0,Lille,1
667,40.8,47885.0,Nice,0
668,42.6,59138.0,Paris,1
669,58.4,,Paris,1
670,38.5,52900.0,Lyon,1
671,28.3,30234.0,Lyon,1
672,41.4,52430.0,Lyon,1
673,45.4,33435.0,Lille,0
674,30.1,55647.0,Lyon,0
675,20.2,35959.0,Lyon,1
676,22.8,25865.0,Lyon,0
677,48.0,42531.0,Lyon,1
678,30.9,39320.0,Lyon,1
679,38.3,37469.0,Paris,1
680,42.6,51586.0,Paris,1
681,47.4,,Paris,0
682,36.0,52679.0,Paris,1
683,46.0,42581.0,Lille,0
684,29.3,53857.0,Paris,0
685,35.7,42352.0,Paris,1
686,27.7,35262.0,Lyon,0
687,53.6,65119.0,Paris,1
688,39.7,48074.0,Paris,1
689,31.1,40271.0,Lyon,1
690,35.8,31864.0,Lyon,1
691,37.3,55418.0,Lille,1
692,48.4,45138.0,Bordeaux,0
693,20.9,41808.0,Nice,1
694,27.6,22754.0,Lyon,1
695,35.5,45954.0,Lyon,1
696,70.4,64604.0,,0
697,51.5,55430.0,,0
698,38.7,42137.0,Bordeaux,0
699,48.5,,Paris,0
700,64.7,69232.0,Paris,1
701,37.2,48857.0,Lille,1
702,35.6,33422.0,Lyon,0
703,54.5,,Paris,0
704,45.9,51318.0,Bordeaux,1
705,48.1,58452.0,Lyon,0
706,33.9,22720.0,Lyon,1
707,63.1,,Paris,1
708,,68556.0,,0
709,,,,0
710,48.2,43983.0,Lyon,1
711,18.0,12000.0,Nice,0
712,47.7,37447.0,,0
713,37.7,44604.0,Bordeaux,0
714,45.2,45130.0,Nice,0
715,48.2,54016.0,Paris,1
716,35.9,47158.0,Paris,0
717,19.7,38777.0,Lyon,1
718,44.4,57424.0,Paris,0
719,31.1,27840.0,Bordeaux,1
720,36.0,64155.0,Paris,1
721,32.7,52857.0,Paris,1
722,35.9,52299.0,Paris,1
723,18.0,28530.0,Paris,0
724,54.6,45628.0,Lyon,0
725,43.0,48465.0,Paris,1
726,53.3,51976.0,Nice,0
727,63.8,62823.0,,0
728,40.3,48506.0,Lyon,1
729,18.4,26366.0,,0
730,29.3,32306.0,Lille,1
731,25.5,43484.0,Paris,0
732,34.0,27932.0,Nice,1
733,,,,0
734,18.0,14312.0,Lille,0
735,44.1,40513.0,,0
736,21.9,18026.0,Bordeaux,1
737,43.6,43129.0,Bordeaux,1
738,,,,1
739,36.2,42205.0,,0
740,39.1,41197.0,Nice,1
741,33.5,35542.0,Lille,0
742,32.7,42796.0,Paris,0
743,19.8,29285.0,Lyon,1
744,39.6,53625.0,Paris,1
745,62.1,54921.0,Bordeaux,0
746,63.8,,,0
747,55.9,,Paris,1
748,48.5,58426.0,Paris,0
749,31.9,58395.0,Paris,0
750,57.3,,Bordeaux,1
751,39.3,68783.0,Paris,0
752,39.2,36796.0,Lyon,1
753,36.5,56638.0,Bordeaux,1
754,41.1,58147.0,Paris,0
755,34.8,48516.0,Paris,1
756,39.0,39927.0,Nice,0
757,27.0,48414.0,Paris,1
758,35.5,37960.0,Bordeaux,0
759,67.4,68808.0,Nice,1
760,,66752.0,Paris,1
761,37.1,35595.0,Lyon,1
762,46.4,42012.0,Lyon,1
763,48.5,56638.0,Lille,1
764,26.6,48932.0,,0
765,,52346.0,Lyon,0
766,51.0,57350.0,Paris,1
767,43.2,68933.0,Paris,1
768,41.5,61838.0,Paris,1
769,58.6,,Bordeaux,1
770,31.9,23665.0,Nice,0
771,41.0,47964.0,Lyon,0
772,33.8,32302.0,Lille,1
773,57.9,48592.0,Lyon,1
774,18.0,27566.0,Paris,0
775,,,,0
776,33.7,31479.0,Bordeaux,0
777,48.0,57497.0,Paris,1
778,47.3,60114.0,Lyon,1
779,56.7,67600.0,Bordeaux,1
780,21.1,45981.0,Paris,0
781,49.0,44893.0,Nice,1
782,36.5,51978.0,Paris,0
783,32.0,42276.0,Lille,1
784,46.5,43596.0,Nice,1
785,29.0,25256.0,Nice,1
786,18.0,27454.0,Bordeaux,0
787,35.6,50661.0,Lille,1
788,22.0,13631.0,Bordeaux,0
789,32.2,24822.0,Paris,1
790,44.5,36447.0,Lyon,1
791,,50588.0,Paris,1
792,,,,0
793,37.6,48143.0,Lyon,0
794,21.6,21281.0,Lille,0
795,30.9,25597.0,Lille,0
796,,46380.0,Paris,1
797,,18743.0,Bordeaux,1
798,45.2,60778.0,Paris,1
799,32.3,42526.0,Paris,1
800,18.0,45123.0,Nice,1
801,48.4,58751.0,Nice,1
802,38.7,32185.0,Lille,0
803,44.3,51328.0,Paris,0
804,41.3,42356.0,Lyon,1
805,47.6,35796.0,Nice,0
806,40.5,38926.0,Lyon,1
807,54.8,51156.0,,0
808,45.1,54055.0,Lille,0
809,44.7,45861.0,Lyon,1
810,44.9,40785.0,Nice,1
811,22.5,15436.0,Lyon,1
812,38.0,28410.0,Lille,0
813,36.9,37303.0,Lille,0
814,42.5,56564.0,Paris,1
815,23.7,38908.0,Lyon,0
816,59.6,54938.0,Lille,0
817,41.3,55833.0,Lyon,0
818,25.5,43814.0,Paris,0
819,19.5,21458.0,Bordeaux,1
820,36.6,20525.0,Bordeaux,0
821,38.9,43289.0,,0
822,31.4,40073.0,Bordeaux,1
823,41.1,58680.0,Lyon,1
824,32.3,50158.0,,0
825,46.6,56463.0,Nice,0
826,31.3,32631.0,Lyon,1
827,,37158.0,Lille,1
828,51.7,48733.0,Nice,0
829,70.9,,Lyon,1
830,27.9,46985.0,Paris,0
831,,35292.0,Nice,0
832,29.9,27944.0,,0
833,49.4,56409.0,Bordeaux,1
834,26.2,45108.0,Paris,1
835,34.2,27712.0,Lille,1
836,39.6,58044.0,Nice,0
837,28.3,35613.0,Lyon,0
838,28.5,33594.0,Lyon,1
839,34.3,63596.0,Paris,1
840,18.0,43216.0,Paris,0
841,22.7,37908.0,Paris,0
842,35.0,55824.0,Paris,1
843,41.8,48170.0,Paris,0
844,,33032.0,Lille,1
845,18.7,12000.0,,0
846,34.4,50383.0,Lyon,0
847,,48514.0,Paris,1
848,46.7,57831.0,Lyon,1
849,39.1,32624.0,Lille,1
850,29.4,25589.0,Lyon,0
851,47.6,50845.0,Lyon,0
852,33.1,40498.0,,0
853,26.0,36509.0,Lyon,1
854,30.4,49345.0,Nice,0
855,57.4,,,0
856,42.6,55531.0,Lyon,1
857,53.9,49514.0,Lille,1
858,34.2,56623.0,Paris,1
859,51.3,54679.0,Bordeaux,1
860,32.8,33631.0,Lyon,0
861,38.1,53236.0,Paris,0
862,69.8,,Lille,0
863,49.2,53920.0,Nice,1
864,34.0,38613.0,Lille,1
865,39.0,36420.0,Bordeaux,1
866,43.9,53233.0,Paris,0
867,54.5,66227.0,Lyon,0
868,34.1,19831.0,Lille,0
869,19.1,15536.0,Bordeaux,0
870,36.6,51574.0,Lille,0
871,40.2,16835.0,Lille,0
872,41.3,40063.0,Lyon,0
873,55.8,66989.0,Lyon,1
874,43.8,33947.0,Lyon,0
875,49.8,,Bordeaux,1
876,26.8,12000.0,Nice,1
877,50.4,64329.0,Lille,1
878,65.2,,Bordeaux,0
879,49.3,,Paris,1
880,43.0,42006.0,Lille,0
881,41.8,50015.0,Lyon,0
882,61.4,54325.0,Lille,1
883,28.9,52184.0,Paris,1
884,38.7,33621.0,,0
885,45.5,46035.0,,0
886,48.9,,Paris,0
887,34.8,40771.0,Paris,1
888,43.7,45422.0,Lyon,0
889,36.7,41178.0,Nice,0
890,,,,0
891,38.4,51879.0,Nice,1
892,26.3,45367.0,Paris,1
893,39.7,42060.0,Paris,1
894,50.5,55077.0,Lyon,0
895,28.4,22422.0,Lille,0
896,37.1,34182.0,Nice,0
897,48.0,51691.0,Nice,1
898,27.2,36813.0,Paris,0
899,42.2,51881.0,,0
900,27.3,21958.0,Lille,0
901,53.6,67435.0,Lyon,1
902,67.8,68406.0,Lille,1
903,64.3,,Nice,0
904,37.4,37528.0,Lyon,0
905,48.9,46352.0,Bordeaux,0
906,41.5,47128.0,Paris,0
907,41.2,62402.0,Paris,0
908,58.6,68040.0,Lille,0
909,24.2,59273.0,Paris,0
910,52.7,69315.0,Lyon,1
911,39.4,46648.0,Lyon,1
912,56.9,,Paris,0
913,42.2,46698.0,Lille,0
914,31.9,32650.0,Lille,1
915,43.3,,Paris,1
916,48.8,,Paris,1
917,40.4,35869.0,Nice,1
918,45.9,41711.0,Bordeaux,0
919,33.7,49006.0,Nice,0
920,18.0,25773.0,Lyon,0
921,50.8,53714.0,Lyon,1
922,48.4,64077.0,Lyon,1
923,41.8,54312.0,Paris,1
924,40.8,43282.0,,0
925,52.4,64249.0,Paris,0
926,34.5,32845.0,Paris,0
927,31.5,44278.0,Lyon,0
928,37.7,42818.0,Paris,0
929,54.3,54182.0,Lyon,0
930,23.4,17705.0,Lille,1
931,54.3,61843.0,Lille,0
932,32.3,33683.0,Bordeaux,1
933,26.8,29939.0,Nice,0
934,55.1,40985.0,Lille,1
935,38.8,41013.0,Nice,1
936,24.4,16113.0,Lyon,1
937,35.7,39465.0,Lille,0
938,51.2,,Paris,0
939,54.3,59143.0,Lyon,1
940,34.9,55288.0,Bordeaux,1
941,,54650.0,Lyon,0
942,48.6,58962.0,Lyon,1
943,32.3,34581.0,Lille,1
944,44.3,58565.0,Paris,1
945,39.6,51293.0,Nice,0
946,33.6,59513.0,Paris,1
947,34.1,38390.0,Paris,1
948,40.8,66290.0,Paris,1
949,40.4,61024.0,Paris,0
950,33.2,43846.0,Bordeaux,1
951,34.9,55096.0,Paris,1
952,53.4,58202.0,Paris,0
953,42.6,37044.0,Lyon,1
954,50.6,68021.0,Lille,0
955,54.4,57672.0,Lille,0
956,47.1,39345.0,Lyon,0
957,67.3,,Paris,1
958,30.1,29841.0,Nice,1
959,49.7,49109.0,,0
960,36.2,31588.0,Paris,1
961,62.3,63876.0,,0
962,60.4,67846.0,Lyon,1
963,18.0,19567.0,Bordeaux,1
964,28.4,27158.0,Lille,0
965,,55562.0,Lyon,1
966,49.5,59910.0,Lyon,0
967,48.8,30877.0,Lille,0
968,39.1,37390.0,Lille,0
969,45.5,54049.0,Paris,0
970,47.8,52701.0,Paris,0
971,39.1,50175.0,Paris,0
972,52.3,52194.0,Lille,0
973,18.0,16603.0,Lille,1
974,47.6,35508.0,Lille,0
975,27.6,39252.0,Paris,1
976,51.5,,Bordeaux,1
977,37.3,32809.0,Lyon,0
978,29.3,16116.0,Bordeaux,1
979,44.5,51977.0,Lyon,1
980,29.1,39470.0,Lyon,0
981,29.0,36176.0,Nice,0
982,21.2,12123.0,,0
983,,49683.0,,0
984,46.0,54932.0,Paris,0
985,52.3,43086.0,Lille,1
986,38.3,37824.0,Lyon,1
987,52.6,67622.0,,0
988,40.2,62627.0,Paris,1
989,38.9,49514.0,Lyon,0
990,46.9,62698.0,,0
991,52.7,62096.0,Lille,0
992,35.9,52633.0,Paris,1
993,37.1,61164.0,Paris,1
994,38.1,27465.0,Bordeaux,0
995,41.0,42832.0,Paris,0
996,29.2,41181.0,,0
997,52.3,55789.0,Paris,0
998,,,,1
999,45.5,49617.0,Lyon,1
1000,30.1,26708.0,Lille,1
1001,44.3,56219.0,Paris,1
1002,44.7,60234.0,Nice,1
1003,35.0,14234.0,Bordeaux,0
1004,64.3,,,0
1005,,,Lyon,0
1006,61.3,,,0
1007,51.5,67329.0,Paris,1
1008,32.1,54637.0,Paris,0
1009,35.4,54860.0,Nice,0
1010,45.2,50508.0,Paris,1
1011,40.7,42489.0,Lille,0
1012,40.6,39924.0,Lille,1
1013,36.6,57634.0,Paris,1
1014,18.3,35733.0,Paris,1
1015,37.3,44237.0,Lille,1
1016,18.0,15205.0,Lille,0
1017,44.5,60941.0,Paris,0
1018,31.3,28267.0,Nice,1
1019,31.4,41421.0,Paris,1
1020,,41126.0,,0
